{"train_accuracies": [0.33615729212760925, 0.49018940329551697, 0.5545276403427124, 0.5930107235908508, 0.6215233206748962, 0.6507752537727356, 0.6497762203216553, 0.6812260150909424, 0.699248731136322, 0.6944133639335632, 0.7098186016082764, 0.7210478186607361, 0.693953812122345, 0.5642982721328735, 0.5799832344055176, 0.5169037580490112, 0.29447731375694275, 0.38117408752441406, 0.2743566036224365, 0.3531609773635864, 0.3907848596572876, 0.3891064524650574, 0.3776174783706665, 0.43340393900871277, 0.4720867872238159, 0.3374360501766205, 0.4058503806591034, 0.4526054859161377, 0.4677909314632416, 0.47848066687583923, 0.53464674949646, 0.5670556426048279, 0.5972266793251038, 0.6229220032691956, 0.6359694600105286, 0.6539921760559082, 0.6522938013076782, 0.6757912635803223, 0.6836436986923218, 0.6935142278671265, 0.7037244439125061, 0.7129555344581604, 0.7198489308357239, 0.7287204265594482, 0.7342950701713562, 0.7406689524650574, 0.7471427321434021, 0.7477021813392639, 0.7513387203216553, 0.7607696652412415, 0.7689817547798157, 0.7706001996994019, 0.7732377052307129, 0.7771139740943909, 0.779491662979126, 0.7855058908462524, 0.7863251566886902, 0.7871643304824829, 0.7954763174057007, 0.7970148921012878, 0.8023098111152649, 0.8050671219825745, 0.8123401403427124, 0.811141312122345, 0.815077543258667, 0.8184342980384827, 0.822550356388092, 0.826286792755127, 0.8278452754020691, 0.8302429914474487, 0.8323409557342529, 0.8348385691642761, 0.8378956317901611, 0.8417719006538391, 0.8458679914474487, 0.8487052321434021, 0.8495444655418396, 0.8530011177062988, 0.8564977645874023, 0.8583359718322754, 0.8623321652412415, 0.8634910583496094, 0.8666879534721375, 0.872002899646759, 0.8717830777168274, 0.8745404481887817, 0.8752797245979309, 0.8786964416503906, 0.8812939524650574, 0.883691668510437, 0.8854100108146667, 0.8880874514579773, 0.8868685960769653, 0.8889666199684143, 0.8924232721328735, 0.8916640281677246, 0.8942415118217468, 0.8926430344581604, 0.8929627537727356, 0.8935821652412415], "val_accuracies": {"K5-D4-ExR6": [0.43869999051094055, 0.5527999997138977, 0.5911999940872192, 0.6412000060081482, 0.6571999788284302, 0.69159996509552, 0.6995999813079834, 0.7396000027656555, 0.7411999702453613, 0.743399977684021, 0.7289999723434448, 0.7792999744415283, 0.7026999592781067, 0.5680999755859375, 0.6358000040054321, 0.3303999900817871, 0.4016999900341034, 0.18299999833106995, 0.34939998388290405, 0.4283999800682068, 0.3874000012874603, 0.38609999418258667, 0.4837999939918518, 0.4616999924182892, 0.5744999647140503, 0.39309999346733093, 0.4908999800682068, 0.49289998412132263, 0.5033999681472778, 0.5450999736785889, 0.6226999759674072, 0.6298999786376953, 0.6653000116348267, 0.6680999994277954, 0.6948999762535095, 0.7044999599456787, 0.7019000053405762, 0.7303999662399292, 0.7371000051498413, 0.7350999712944031, 0.7513999938964844, 0.7584999799728394, 0.7714999914169312, 0.7806999683380127, 0.7502999901771545, 0.7734999656677246, 0.7706999778747559, 0.7705000042915344, 0.7879999876022339, 0.8000999689102173, 0.7971000075340271, 0.8019999861717224, 0.8089999556541443, 0.8075000047683716, 0.8052999973297119, 0.8079999685287476, 0.810699999332428, 0.8199999928474426, 0.8170999884605408, 0.81659996509552, 0.8209999799728394, 0.8238999843597412, 0.824999988079071, 0.8242999911308289, 0.8222000002861023, 0.8369999527931213, 0.8393999934196472, 0.8400999903678894, 0.8351999521255493, 0.8378999829292297, 0.8360999822616577, 0.8443999886512756, 0.8434999585151672, 0.8430999517440796, 0.8473999500274658, 0.8479999899864197, 0.8435999751091003, 0.8490999937057495, 0.8482999801635742, 0.8497999906539917, 0.8513999581336975, 0.8571999669075012, 0.8556999564170837, 0.8586999773979187, 0.8565999865531921, 0.8592999577522278, 0.8598999977111816, 0.8606999516487122, 0.8598999977111816, 0.8608999848365784, 0.8603999614715576, 0.8598999977111816, 0.8616999983787537, 0.8590999841690063, 0.8621000051498413, 0.861299991607666, 0.8610000014305115, 0.8624999523162842, 0.8636999726295471, 0.8614999651908875]}}