{"train_accuracies": [0.7244845032691956, 0.7551550269126892, 0.7722386717796326, 0.7781530022621155, 0.7861652970314026, 0.7895220518112183, 0.8009310960769653, 0.803468644618988, 0.8065657019615173, 0.810741662979126, 0.8076046705245972, 0.8182145357131958, 0.81589674949646, 0.8230298757553101, 0.8245683908462524, 0.8271259665489197, 0.8298633098602295, 0.8272657990455627, 0.8335797786712646, 0.8368965983390808, 0.8373761177062988, 0.8394141793251038, 0.8421315550804138, 0.8430306911468506, 0.8434702754020691, 0.8496643304824829, 0.846867024898529, 0.8504835367202759, 0.8513227105140686, 0.8537803888320923, 0.8539602160453796, 0.8551790118217468, 0.8591951727867126, 0.858895480632782, 0.8604938983917236, 0.8603740334510803, 0.8617327213287354, 0.8630914092063904, 0.8658687472343445, 0.8648098111152649, 0.8670276403427124, 0.8671675324440002, 0.869765043258667, 0.8472666144371033, 0.8680266737937927, 0.8717830777168274, 0.8700047731399536, 0.8731817603111267, 0.875819206237793, 0.8751997947692871, 0.8768782019615173, 0.8777773380279541, 0.8786764740943909, 0.8786565065383911, 0.883691668510437, 0.8833719491958618, 0.8820732235908508, 0.8860693573951721, 0.8862491846084595, 0.8877277970314026, 0.8857496976852417, 0.8899256587028503, 0.8863091468811035, 0.8920036554336548, 0.8912244439125061, 0.8916839957237244, 0.8944413065910339, 0.8937219977378845, 0.8961396813392639, 0.8965592980384827, 0.8956601619720459, 0.8961197137832642, 0.8964394330978394, 0.899796187877655, 0.8987371921539307, 0.9006353616714478, 0.9008551836013794, 0.8972985744476318, 0.901974081993103, 0.8997762203216553, 0.9013347029685974, 0.9008352160453796, 0.9024136662483215, 0.9035725593566895, 0.9023936986923218, 0.9032928347587585, 0.9042719006538391, 0.9049312472343445, 0.9029731750488281, 0.9049912095069885, 0.9029331803321838, 0.9033527970314026, 0.9052309989929199, 0.90455162525177, 0.9055906534194946, 0.9047314524650574, 0.9067894816398621, 0.9050511717796326, 0.9071691036224365, 0.9032328724861145], "val_accuracies": {"K5-D4-ExR6": [0.8614999651908875, 0.7709999680519104, 0.7775999903678894, 0.7919999957084656, 0.7926999926567078, 0.7996000051498413, 0.7775999903678894, 0.7972999811172485, 0.8215000033378601, 0.818399965763092, 0.8259999752044678, 0.8258999586105347, 0.8352999687194824, 0.8308999538421631, 0.8210999965667725, 0.8051999807357788, 0.8222999572753906, 0.8267999887466431, 0.8279999494552612, 0.8398999571800232, 0.8371999859809875, 0.8330999612808228, 0.8359999656677246, 0.8141999840736389, 0.840399980545044, 0.8385999798774719, 0.8380999565124512, 0.8445000052452087, 0.8341000080108643, 0.8382999897003174, 0.8388999700546265, 0.8470999598503113, 0.8463000059127808, 0.849399983882904, 0.840999960899353, 0.8378999829292297, 0.8454999923706055, 0.8552999496459961, 0.8553999662399292, 0.8471999764442444, 0.8518999814987183, 0.8411999940872192, 0.8481999635696411, 0.7720999717712402, 0.8470999598503113, 0.8481999635696411, 0.8425999879837036, 0.8514999747276306, 0.856499969959259, 0.8560000061988831, 0.8519999980926514, 0.8571999669075012, 0.8636999726295471, 0.838699996471405, 0.8453999757766724, 0.8552999496459961, 0.8600999712944031, 0.851099967956543, 0.8589999675750732, 0.8513999581336975, 0.8481000065803528, 0.8497999906539917, 0.8578999638557434, 0.8515999913215637, 0.8634999990463257, 0.8593999743461609, 0.858299970626831, 0.8561999797821045, 0.8608999848365784, 0.8551999926567078, 0.8596000075340271, 0.858199954032898, 0.8682000041007996, 0.8607999682426453, 0.8413999676704407, 0.8596999645233154, 0.8618999719619751, 0.857699990272522, 0.8569999933242798, 0.8618999719619751, 0.8590999841690063, 0.8536999821662903, 0.858199954032898, 0.8550999760627747, 0.8562999963760376, 0.8596000075340271, 0.8664999604225159, 0.858299970626831, 0.8633999824523926, 0.8540999889373779, 0.8597999811172485, 0.8574000000953674, 0.8553999662399292, 0.8615999817848206, 0.854200005531311, 0.8662999868392944, 0.8693999648094177, 0.8640999794006348, 0.8646999597549438, 0.8646999597549438, 0.8549000024795532], "K3-D4-ExR6": [0.40449997782707214, 0.6847000122070312, 0.7294999957084656, 0.7411999702453613, 0.7234999537467957, 0.7660999894142151, 0.778499960899353, 0.7739999890327454, 0.7680000066757202, 0.789900004863739, 0.7727999687194824, 0.7851999998092651, 0.7881999611854553, 0.767799973487854, 0.7813999652862549, 0.7918999791145325, 0.8120999932289124, 0.7863999605178833, 0.7953000068664551, 0.8089999556541443, 0.7849000096321106, 0.8039000034332275, 0.7935999631881714, 0.812999963760376, 0.8216999769210815, 0.8185999989509583, 0.8080999851226807, 0.8113999962806702, 0.8312000036239624, 0.8172999620437622, 0.8112999796867371, 0.8204999566078186, 0.8183000087738037, 0.8234999775886536, 0.8244999647140503, 0.8360999822616577, 0.835599958896637, 0.8223999738693237, 0.8291999697685242, 0.835099995136261, 0.8252999782562256, 0.8411999940872192, 0.8349999785423279, 0.8131999969482422, 0.833299994468689, 0.8289999961853027, 0.8417999744415283, 0.8362999558448792, 0.8356999754905701, 0.838699996471405, 0.8422999978065491, 0.8377999663352966, 0.8352999687194824, 0.8363999724388123, 0.8438999652862549, 0.8488999605178833, 0.8465999960899353, 0.8499000072479248, 0.8524999618530273, 0.8414999842643738, 0.8575999736785889, 0.8506999611854553, 0.8496999740600586, 0.8533999919891357, 0.8394999504089355, 0.8369999527931213, 0.8481999635696411, 0.8506999611854553, 0.8466999530792236, 0.8538999557495117, 0.8525999784469604, 0.849299967288971, 0.8399999737739563, 0.8502999544143677, 0.8615999817848206, 0.8569999933242798, 0.852400004863739, 0.8532999753952026, 0.8504999876022339, 0.8452000021934509, 0.8518999814987183, 0.8568999767303467, 0.852899968624115, 0.856499969959259, 0.8596999645233154, 0.8520999550819397, 0.849399983882904, 0.856499969959259, 0.8555999994277954, 0.8618999719619751, 0.8563999533653259, 0.8588999509811401, 0.8616999983787537, 0.858299970626831, 0.8590999841690063, 0.8520999550819397, 0.8476999998092651, 0.8550999760627747, 0.8556999564170837, 0.8535999655723572, 0.8610999584197998]}}