{"train_accuracies": [0.850773274898529, 0.85767662525177, 0.8596697449684143, 0.8619775176048279, 0.8638856410980225, 0.866053581237793, 0.8677968978881836, 0.8677020072937012, 0.8689058423042297, 0.869365394115448, 0.8698299527168274, 0.8721078038215637, 0.8739659786224365, 0.8734365105628967, 0.8744655251502991, 0.8737661838531494, 0.8749450445175171, 0.8778172731399536, 0.8781020045280457, 0.8786464929580688, 0.878171980381012, 0.8804097771644592, 0.8785765767097473, 0.8798053860664368, 0.8792409300804138], "val_accuracies": {"K5-D4-ExR6": [0.09999999403953552, 0.7125999927520752, 0.7550999522209167, 0.7651999592781067, 0.7978999614715576, 0.7728999853134155, 0.7993999719619751, 0.7870000004768372, 0.8125999569892883, 0.729200005531311, 0.7720999717712402, 0.7888999581336975, 0.821399986743927, 0.7703999876976013, 0.7829999923706055, 0.7924000024795532, 0.7807999849319458, 0.7843999862670898, 0.7935999631881714, 0.7900999784469604, 0.8113999962806702, 0.7816999554634094, 0.765999972820282, 0.814300000667572, 0.8191999793052673, 0.8019999861717224], "K5-D4-ExR4": [0.09999999403953552, 0.7734000086784363, 0.7937999963760376, 0.752299964427948, 0.7736999988555908, 0.8190999627113342, 0.8035999536514282, 0.7931999564170837, 0.7946999669075012, 0.8276000022888184, 0.7991999983787537, 0.8082000017166138, 0.786300003528595, 0.8339999914169312, 0.8107999563217163, 0.8234999775886536, 0.8133999705314636, 0.8093999624252319, 0.8161999583244324, 0.8222999572753906, 0.8199999928474426, 0.8149999976158142, 0.8262999653816223, 0.8042999505996704, 0.8068999648094177, 0.8087999820709229], "K5-D3-ExR6": [0.09999999403953552, 0.7842999696731567, 0.8064000010490417, 0.812999963760376, 0.842799961566925, 0.8230999708175659, 0.8402000069618225, 0.8300999999046326, 0.8432999849319458, 0.8057000041007996, 0.8202999830245972, 0.8341000080108643, 0.84579998254776, 0.825499951839447, 0.8258000016212463, 0.837399959564209, 0.8361999988555908, 0.8237999677658081, 0.830299973487854, 0.8288999795913696, 0.8460999727249146, 0.8373000025749207, 0.8241999745368958, 0.8490999937057495, 0.8485999703407288, 0.848800003528595], "K5-D3-ExR4": [0.06659999489784241, 0.7497000098228455, 0.7710999846458435, 0.7168999910354614, 0.7523999810218811, 0.7841999530792236, 0.7576000094413757, 0.7706999778747559, 0.7434999942779541, 0.8186999559402466, 0.7820999622344971, 0.7716999650001526, 0.7443000078201294, 0.8082000017166138, 0.7897999882698059, 0.7920999526977539, 0.7860999703407288, 0.780299961566925, 0.7809999585151672, 0.7886999845504761, 0.7831999659538269, 0.7982999682426453, 0.7961999773979187, 0.7708999514579773, 0.7770999670028687, 0.789900004863739], "K5-D2-ExR6": [0.1290999948978424, 0.7928999662399292, 0.7840999960899353, 0.7815999984741211, 0.8107999563217163, 0.7791999578475952, 0.7763999700546265, 0.7912999987602234, 0.7827000021934509, 0.8039999604225159, 0.7803999781608582, 0.7892999649047852, 0.7856000065803528, 0.7872999906539917, 0.795699954032898, 0.770799994468689, 0.7883999943733215, 0.7791999578475952, 0.7760999798774719, 0.7972999811172485, 0.7882999777793884, 0.818399965763092, 0.7950999736785889, 0.8003000020980835, 0.7963999509811401, 0.8206999897956848], "K5-D2-ExR4": [0.1232999935746193, 0.6263999938964844, 0.6211999654769897, 0.5807999968528748, 0.6194999814033508, 0.6353999972343445, 0.6092999577522278, 0.6251999735832214, 0.5638999938964844, 0.7058999538421631, 0.6509000062942505, 0.6214999556541443, 0.5672000050544739, 0.6977999806404114, 0.6570000052452087, 0.6669999957084656, 0.6570999622344971, 0.6297000050544739, 0.6376999616622925, 0.6466000080108643, 0.6297000050544739, 0.6665999889373779, 0.6682999730110168, 0.6232999563217163, 0.6521999835968018, 0.6715999841690063], "K3-D4-ExR6": [0.09999999403953552, 0.6190999746322632, 0.6462000012397766, 0.6812999844551086, 0.7071999907493591, 0.6923999786376953, 0.7393999695777893, 0.6987000107765198, 0.7631999850273132, 0.6341999769210815, 0.7181000113487244, 0.7285000085830688, 0.7701999545097351, 0.6976000070571899, 0.7279999852180481, 0.7432999610900879, 0.7075999975204468, 0.7339000105857849, 0.7355999946594238, 0.7249000072479248, 0.7601000070571899, 0.6997999548912048, 0.6909999847412109, 0.7630999684333801, 0.7559999823570251, 0.7339000105857849], "K3-D4-ExR4": [0.09999999403953552, 0.7610999941825867, 0.7777999639511108, 0.7623999714851379, 0.7620999813079834, 0.810699999332428, 0.7895999550819397, 0.793999969959259, 0.8036999702453613, 0.8041999936103821, 0.7958999872207642, 0.7949999570846558, 0.79339998960495, 0.8075999617576599, 0.8101999759674072, 0.810699999332428, 0.8064999580383301, 0.8139999508857727, 0.8210999965667725, 0.8175999522209167, 0.8101999759674072, 0.7960000038146973, 0.8144999742507935, 0.8044999837875366, 0.8048999905586243, 0.7983999848365784], "K3-D3-ExR6": [0.09070000052452087, 0.7247999906539917, 0.7491999864578247, 0.769599974155426, 0.7892999649047852, 0.7829999923706055, 0.8127999901771545, 0.7781999707221985, 0.8179000020027161, 0.7440999746322632, 0.8017999529838562, 0.8017999529838562, 0.8316999673843384, 0.7872999906539917, 0.8032000064849854, 0.8068999648094177, 0.7911999821662903, 0.8017999529838562, 0.8042999505996704, 0.7967999577522278, 0.8166999816894531, 0.7874000072479248, 0.7825999855995178, 0.8186999559402466, 0.8083999752998352, 0.8080999851226807], "K3-D3-ExR4": [0.06039999797940254, 0.7536999583244324, 0.7635999917984009, 0.7371000051498413, 0.7562999725341797, 0.7954999804496765, 0.7621999979019165, 0.7820999622344971, 0.7820000052452087, 0.798799991607666, 0.7859999537467957, 0.7741000056266785, 0.772599995136261, 0.7953999638557434, 0.7981999516487122, 0.799299955368042, 0.7928999662399292, 0.7989000082015991, 0.8017999529838562, 0.7978000044822693, 0.7833999991416931, 0.7870999574661255, 0.7968999743461609, 0.7813000082969666, 0.7838999629020691, 0.7834999561309814], "K3-D2-ExR6": [0.09769999980926514, 0.7584999799728394, 0.7674999833106995, 0.7918999791145325, 0.8026999831199646, 0.7820999622344971, 0.789900004863739, 0.7888000011444092, 0.793999969959259, 0.7723000049591064, 0.805899977684021, 0.7876999974250793, 0.8130999803543091, 0.7726999521255493, 0.7975999712944031, 0.7694999575614929, 0.777999997138977, 0.8036999702453613, 0.7965999841690063, 0.8057999610900879, 0.7789999842643738, 0.79749995470047, 0.7943999767303467, 0.8078999519348145, 0.7773999571800232, 0.8078999519348145], "K3-D2-ExR4": [0.11669999361038208, 0.677899956703186, 0.6841999888420105, 0.668999969959259, 0.6818999648094177, 0.7020999789237976, 0.6773999929428101, 0.7024999856948853, 0.6639999747276306, 0.7400999665260315, 0.7404999732971191, 0.7020999789237976, 0.6783999800682068, 0.7389000058174133, 0.7357999682426453, 0.7245000004768372, 0.7229999899864197, 0.7336999773979187, 0.7372999787330627, 0.7181000113487244, 0.6926000118255615, 0.7188000082969666, 0.7393999695777893, 0.6877999901771545, 0.7164999842643738, 0.7206999659538269]}}