{"train_accuracies": [0.8639405965805054, 0.8735114336013794, 0.8766284584999084, 0.8766583800315857, 0.8804747462272644, 0.8830922245979309, 0.8803448677062988, 0.8818534016609192, 0.8847905993461609, 0.884201169013977, 0.8841312527656555, 0.8860194087028503, 0.8860294222831726, 0.8872482180595398, 0.8881773352622986, 0.885809600353241, 0.8882272839546204, 0.8898657560348511, 0.8901654481887817, 0.8897358775138855, 0.8912444114685059, 0.8899556398391724, 0.8919037580490112, 0.889406144618988, 0.8901854157447815], "val_accuracies": {"K5-D4-ExR6": [0.8549000024795532, 0.8586999773979187, 0.8608999848365784, 0.8589999675750732, 0.8621000051498413, 0.8610999584197998, 0.8536999821662903, 0.8549999594688416, 0.8639000058174133, 0.8601999878883362, 0.8621999621391296, 0.8578999638557434, 0.8604999780654907, 0.8690999746322632, 0.861799955368042, 0.8658999800682068, 0.8621999621391296, 0.8579999804496765, 0.8641999959945679, 0.8673999905586243, 0.8682000041007996, 0.864799976348877, 0.8596999645233154, 0.863099992275238, 0.8680999875068665, 0.8621000051498413], "K5-D3-ExR6": [0.638700008392334, 0.7670999765396118, 0.8089999556541443, 0.7900999784469604, 0.7993999719619751, 0.8077999949455261, 0.8121999502182007, 0.8075999617576599, 0.8325999975204468, 0.8314999938011169, 0.8285999894142151, 0.8118000030517578, 0.8120999932289124, 0.8285999894142151, 0.8295999765396118, 0.8187999725341797, 0.8190000057220459, 0.8090999722480774, 0.8191999793052673, 0.8204999566078186, 0.8256999850273132, 0.8226000070571899, 0.8222000002861023, 0.8292999863624573, 0.8098999857902527, 0.8280999660491943], "K3-D4-ExR6": [0.8610999584197998, 0.8449999690055847, 0.8296999931335449, 0.8472999930381775, 0.8479999899864197, 0.8497999906539917, 0.8379999995231628, 0.8407999873161316, 0.8343999981880188, 0.8316999673843384, 0.8306999802589417, 0.8470999598503113, 0.842799961566925, 0.8448999524116516, 0.8384999632835388, 0.8396999835968018, 0.8334999680519104, 0.8465999960899353, 0.8431999683380127, 0.8454999923706055, 0.8398999571800232, 0.8509999513626099, 0.8380999565124512, 0.8453999757766724, 0.8503999710083008, 0.8442999720573425], "K3-D3-ExR6": [0.7579999566078186, 0.8100999593734741, 0.8163999915122986, 0.8258000016212463, 0.8175999522209167, 0.8269000053405762, 0.8352999687194824, 0.8351999521255493, 0.8245999813079834, 0.8335999846458435, 0.8296999931335449, 0.8291999697685242, 0.8258000016212463, 0.8212999701499939, 0.8357999920845032, 0.8209999799728394, 0.8356999754905701, 0.8369999527931213, 0.8283999562263489, 0.8248999714851379, 0.8226999640464783, 0.8303999900817871, 0.8384999632835388, 0.8373000025749207, 0.8222000002861023, 0.8351999521255493]}}