{"train_accuracies": [0.8339294195175171, 0.8415820598602295, 0.8462276458740234, 0.8493745923042297, 0.8494744896888733, 0.8513127565383911, 0.8527513742446899, 0.8552789092063904, 0.8527314066886902, 0.8574468493461609, 0.8581361770629883, 0.858156144618988, 0.8594748973846436, 0.8584558963775635, 0.8608435988426208, 0.8618625998497009, 0.8611632585525513, 0.8629615306854248, 0.8637308478355408, 0.8652393817901611, 0.8652693629264832, 0.8660086393356323, 0.8674572706222534, 0.8692854642868042, 0.8677669167518616, 0.8677769303321838, 0.8696051836013794, 0.8704344034194946, 0.8708539605140686, 0.8709338903427124, 0.871153712272644, 0.8720428347587585, 0.8734315037727356, 0.8738910555839539, 0.8746103644371033, 0.8759390711784363, 0.8767383098602295, 0.8777074217796326, 0.8759890794754028, 0.8763387203216553, 0.8780470490455627, 0.8790061473846436, 0.8779072165489197, 0.8782469034194946, 0.8794057965278625, 0.8799751996994019, 0.8809542655944824, 0.8806245923042297, 0.882023274898529, 0.8840912580490112, 0.8835018277168274, 0.8857996463775635, 0.885330080986023, 0.8840813040733337, 0.8855498433113098, 0.8865089416503906, 0.8868786096572876, 0.8874680399894714, 0.8892063498497009, 0.8874380588531494, 0.8896958827972412, 0.8895859718322754, 0.8876978158950806, 0.8890265226364136, 0.8905251026153564, 0.8911544680595398, 0.8900255560874939, 0.8891364336013794, 0.8924832344055176, 0.8935621976852417, 0.8918038606643677, 0.8934922218322754, 0.8935322165489197, 0.893712043762207, 0.8946711421012878, 0.8926730155944824, 0.8930626511573792, 0.8939018249511719, 0.8953005075454712, 0.8964893817901611, 0.8958999514579773, 0.8959299325942993, 0.8962995409965515, 0.8953304886817932, 0.895010769367218, 0.8955203294754028, 0.8970588445663452, 0.8965293169021606, 0.8974784016609192, 0.8980379104614258, 0.896709144115448, 0.8961097598075867, 0.8960997462272644, 0.897588312625885, 0.89622962474823, 0.8949208855628967, 0.8979179859161377, 0.8957101106643677, 0.8966591954231262, 0.8960797786712646], "val_accuracies": {"K5-D4-ExR6": [0.8621000051498413, 0.8291999697685242, 0.8461999893188477, 0.8534999489784241, 0.849299967288971, 0.8574999570846558, 0.8471999764442444, 0.8450999855995178, 0.8589999675750732, 0.8434999585151672, 0.8435999751091003, 0.8511999845504761, 0.854200005531311, 0.8517999649047852, 0.8545999526977539, 0.8613999485969543, 0.8495000004768372, 0.8590999841690063, 0.861799955368042, 0.8667999505996704, 0.8664000034332275, 0.8547999858856201, 0.8628000020980835, 0.8590999841690063, 0.8622999787330627, 0.8550999760627747, 0.8568999767303467, 0.8578000068664551, 0.8586999773979187, 0.8586999773979187, 0.870199978351593, 0.8643999695777893, 0.8477999567985535, 0.8601999878883362, 0.8611999750137329, 0.8610999584197998, 0.8614999651908875, 0.8562999963760376, 0.863099992275238, 0.858199954032898, 0.8495000004768372, 0.854200005531311, 0.85999995470047, 0.8654999732971191, 0.8563999533653259, 0.8513999581336975, 0.8539999723434448, 0.8600999712944031, 0.8634999990463257, 0.8669999837875366, 0.8712999820709229, 0.8696999549865723, 0.8619999885559082, 0.8621000051498413, 0.8650999665260315, 0.8678999543190002, 0.8626999855041504, 0.8600999712944031, 0.8597999811172485, 0.8572999835014343, 0.8560000061988831, 0.8671000003814697, 0.8668999671936035, 0.8604999780654907, 0.8644999861717224, 0.8603000044822693, 0.8509999513626099, 0.8619999885559082, 0.861799955368042, 0.8643999695777893, 0.8687999844551086, 0.8572999835014343, 0.8682999610900879, 0.859499990940094, 0.8664000034332275, 0.8628000020980835, 0.8666999936103821, 0.861799955368042, 0.858299970626831, 0.8695999979972839, 0.8642999529838562, 0.8708999752998352, 0.8697999715805054, 0.8614999651908875, 0.8637999892234802, 0.8648999929428101, 0.8762999773025513, 0.8499999642372131, 0.8664000034332275, 0.8705999851226807, 0.8626999855041504, 0.8628000020980835, 0.8725999593734741, 0.8698999881744385, 0.8610999584197998, 0.8628000020980835, 0.8675000071525574, 0.8668999671936035, 0.8657000064849854, 0.8657999634742737, 0.8633999824523926], "K5-D3-ExR6": [0.8280999660491943, 0.8438999652862549, 0.8525999784469604, 0.8384999632835388, 0.8560999631881714, 0.8411999940872192, 0.8545999526977539, 0.8441999554634094, 0.8552999496459961, 0.8536999821662903, 0.8460999727249146, 0.8405999541282654, 0.8472999930381775, 0.8604999780654907, 0.8539999723434448, 0.8592000007629395, 0.8592999577522278, 0.8515999913215637, 0.8550999760627747, 0.8580999970436096, 0.8596999645233154, 0.8571999669075012, 0.8560000061988831, 0.8382999897003174, 0.8560000061988831, 0.8587999939918518, 0.8547999858856201, 0.8532999753952026, 0.8575999736785889, 0.8514999747276306, 0.8639999628067017, 0.852400004863739, 0.8631999492645264, 0.861799955368042, 0.859499990940094, 0.848800003528595, 0.8652999997138977, 0.8697999715805054, 0.861299991607666, 0.866599977016449, 0.8657000064849854, 0.8642999529838562, 0.8675999641418457, 0.8632999658584595, 0.8655999898910522, 0.8621999621391296, 0.8484999537467957, 0.8643999695777893, 0.8660999536514282, 0.8657000064849854, 0.8722999691963196, 0.8691999912261963, 0.8636999726295471, 0.8614999651908875, 0.8629999756813049, 0.8633999824523926, 0.8634999990463257, 0.8693000078201294, 0.8693999648094177, 0.8672999739646912, 0.8679999709129333, 0.8531999588012695, 0.8711999654769897, 0.8668999671936035, 0.8590999841690063, 0.8716999888420105, 0.8646000027656555, 0.8696999549865723, 0.8712999820709229, 0.8675999641418457, 0.8716999888420105, 0.8691999912261963, 0.8689999580383301, 0.8682000041007996, 0.8693999648094177, 0.8718000054359436, 0.875, 0.870199978351593, 0.8669999837875366, 0.868399977684021, 0.8710999488830566, 0.8707999587059021, 0.8671999573707581, 0.8679999709129333, 0.859499990940094, 0.8657999634742737, 0.8737999796867371, 0.8689999580383301, 0.8787999749183655, 0.8655999898910522, 0.873199999332428, 0.8542999625205994, 0.8678999543190002, 0.8680999875068665, 0.8592000007629395, 0.8695999979972839, 0.8696999549865723, 0.866599977016449, 0.8707000017166138, 0.8659999966621399, 0.8707999587059021],